<?xml version="1.0"?>
<doc>
    <assembly>
        <name>Pass.AddIn.Framework</name>
    </assembly>
    <members>
        <member name="T:Pass.AddIn.Framework.AddIn">
            <summary>
            
            </summary>
        </member>
        <member name="M:Pass.AddIn.Framework.AddIn.AbortFunction(System.Int32)">
            <summary>
            
            </summary>
            <param name="cookie"></param>
            <returns></returns>
            <created>UPh,20.10.2010</created>
            <changed>UPh,20.10.2010</changed>
        </member>
        <member name="M:Pass.AddIn.Framework.AddIn.Exit">
            <summary>
            
            </summary>
            <returns></returns>
            <created>UPh,20.10.2010</created>
            <changed>UPh,20.10.2010</changed>
        </member>
        <member name="M:Pass.AddIn.Framework.AddIn.GetErrorText(System.Int64,System.String@)">
            <summary>
            
            </summary>
            <param name="err"></param>
            <param name="text"></param>
            <returns></returns>
            <created>UPh,20.10.2010</created>
            <changed>UPh,20.10.2010</changed>
        </member>
        <member name="M:Pass.AddIn.Framework.AddIn.Initialize(Pass.AddIn.Core.CPAIInit,Pass.AddIn.Core.CPAIApplicationTools,Pass.AddIn.Core.CPAIAddIn)">
            <summary>
            This function is called after loading the add-in. The add-in has to fill the members of the PAISTRUCT_INIT structure.
            </summary>
            <param name="init">Gives the add-in information about Passolo and contains fields that should be filled to give Passolo information about the add-in.</param>
            <param name="apptools">Provides access to some tool functions. This pointer is valid throughout the running time of PASSOLO. It may be stored for later use. </param>
            <param name="addin">Provides access to the add-in itself. This pointer is valid throughout the lifetime of the add-in. It may be stored for later use. </param>
            <remarks></remarks>
            <example>
            <code>
            extern HINSTANCE ThisModule;
            IPAIApplicationTools *g_pAppTools = NULL;
            IPAIAddIn *g_pAddIn;
            ...
            ADDIN_API HRESULT PAIFN_Initialize(PAISTRUCT_INIT *init, IPAIApplicationTools *apptools, IPAIAddIn *addin)
            {
                SetThreadLocale(MAKELCID(init->Lang, SORT_DEFAULT));
                init->Type    = PAITYPE_EXPORT;      // this is an export add-in
                init->Style   = PAISTYLE_SETUPDATA;  // Yes, we have setup data
                
                // Load Name and Infotext from resource
                ::LoadStringW(ThisModule, IDS_CSV_SHORTNAME, init->Name, DIMOF(init->Name));
                ::LoadString(ThisModule, IDS_CSV_LONGNAME, init->InfoText, DIMOF(init->InfoText)); 
                // Ident must not be localized
                wcscpy(init->Ident, "Sample Export Add-In");
                
                g_pAppTools = apptools;
            g_pAddIn = addin;
                return S_OK;
            }
            </code>
            
            </example>
            <returns>0 or error code</returns>
        </member>
        <member name="M:Pass.AddIn.Framework.AddIn.LoadAddIn">
            <summary>
            
            </summary>
            <returns></returns>
            <created>UPh,20.10.2010</created>
            <changed>UPh,20.10.2010</changed>
        </member>
        <member name="M:Pass.AddIn.Framework.AddIn.Setup">
            <summary>
            
            </summary>
            <returns></returns>
            <created>UPh,20.10.2010</created>
            <changed>UPh,20.10.2010</changed>
        </member>
        <member name="M:Pass.AddIn.Framework.AddIn.ExportSettings(System.String,Pass.AddIn.Core.enmExpSettingsReasons)">
            <summary>
            
            </summary>
            <param name="path"></param>
            <param name="reason"></param>
            <returns></returns>
            <created>UPh,20.10.2010</created>
            <changed>UPh,20.10.2010</changed>
        </member>
        <member name="M:Pass.AddIn.Framework.AddIn.ImportSettings(System.String,Pass.AddIn.Core.enmExpSettingsReasons)">
            <summary>
            
            </summary>
            <param name="path"></param>
            <param name="reason"></param>
            <returns></returns>
            <created>UPh,20.10.2010</created>
            <changed>UPh,20.10.2010</changed>
        </member>
        <member name="M:Pass.AddIn.Framework.AddIn.GetIconHandle(System.String,System.Boolean)">
            <summary>
            
            </summary>
            <param name="id"></param>
            <param name="bLarge"></param>
            <returns></returns>
            <created>UPh,20.10.2010</created>
            <changed>UPh,20.10.2010</changed>
        </member>
        <member name="M:Pass.AddIn.Framework.AddIn.OnMacroMessage(System.String,System.Int32,System.String)">
            <summary>
            
            </summary>
            <param name="command"></param>
            <param name="lPar"></param>
            <param name="strPar"></param>
            <returns></returns>
            <created>UPh,20.10.2010</created>
            <changed>UPh,20.10.2010</changed>
        </member>
        <member name="T:Pass.AddIn.Framework.AddInComponent">
            <summary>
            The base class for all add-in components.
            </summary>
        </member>
        <member name="E:Pass.AddIn.Framework.AddInComponent.ComponentCreated">
            <summary>
            This event is fired when the framework created this component
            </summary>
        </member>
        <member name="P:Pass.AddIn.Framework.AddInComponent.PAIAddIn">
            <summary></summary>
        </member>
        <member name="P:Pass.AddIn.Framework.AddInComponent.ApplicationTools">
            <summary></summary>
        </member>
        <member name="M:Pass.AddIn.Framework.AddInComponent.RequestComponent``1">
            <summary>
            
            </summary>
            <returns></returns>
            <created>UPh,20.10.2010</created>
            <changed>UPh,20.10.2010</changed>
        </member>
        <member name="T:Pass.AddIn.Framework.CustomControls">
            <summary>
            
            </summary>
        </member>
        <member name="M:Pass.AddIn.Framework.CustomControls.Destroy">
            <summary>
            
            </summary>
            <returns></returns>
            <created>UPh,20.10.2010</created>
            <changed>UPh,20.10.2010</changed>
        </member>
        <member name="M:Pass.AddIn.Framework.CustomControls.GetCtrlRect(System.Int32,System.Drawing.Rectangle@,Pass.AddIn.Core.enmCtrlRectQueryType)">
            <summary>
            
            </summary>
            <param name="inx"></param>
            <param name="rect"></param>
            <param name="type"></param>
            <returns></returns>
            <created>UPh,20.10.2010</created>
            <changed>UPh,20.10.2010</changed>
        </member>
        <member name="M:Pass.AddIn.Framework.CustomControls.GetEditFlags(System.Int32,Pass.AddIn.Core.enmCtrlEditFlags@)">
            <summary>
            
            </summary>
            <param name="inx"></param>
            <param name="flags"></param>
            <returns></returns>
            <created>UPh,20.10.2010</created>
            <changed>UPh,20.10.2010</changed>
        </member>
        <member name="M:Pass.AddIn.Framework.CustomControls.GetInfoData(Pass.AddIn.Core.CPAICCInfo@)">
            <summary>
            
            </summary>
            <param name="info"></param>
            <returns></returns>
            <created>UPh,20.10.2010</created>
            <changed>UPh,20.10.2010</changed>
        </member>
        <member name="M:Pass.AddIn.Framework.CustomControls.IsRightToLeft(System.Int32,System.Boolean@)">
            <summary>
            
            </summary>
            <param name="inx"></param>
            <param name="isRightToLeft"></param>
            <returns></returns>
            <created>UPh,20.10.2010</created>
            <changed>UPh,20.10.2010</changed>
        </member>
        <member name="M:Pass.AddIn.Framework.CustomControls.MapDialogRect(System.Drawing.Rectangle@,System.Boolean)">
            <summary>
            
            </summary>
            <param name="rect"></param>
            <param name="DLUToPixels"></param>
            <returns></returns>
            <created>UPh,20.10.2010</created>
            <changed>UPh,20.10.2010</changed>
        </member>
        <member name="M:Pass.AddIn.Framework.CustomControls.OnSelChange(Pass.AddIn.Core.CPAITokenSelection,System.Boolean@)">
            <summary>
            
            </summary>
            <param name="tokensel"></param>
            <param name="redraw"></param>
            <returns></returns>
            <created>UPh,20.10.2010</created>
            <changed>UPh,20.10.2010</changed>
        </member>
        <member name="M:Pass.AddIn.Framework.CustomControls.OnTextInput(Pass.AddIn.Core.CPAITokenSelection,System.String)">
            <summary>
            
            </summary>
            <param name="toksel"></param>
            <param name="text"></param>
            <returns></returns>
            <created>UPh,20.10.2010</created>
            <changed>UPh,20.10.2010</changed>
        </member>
        <member name="M:Pass.AddIn.Framework.CustomControls.OnWindowMessage(System.Int32,System.IntPtr,System.IntPtr,System.Boolean@)">
            <summary>
            
            </summary>
            <param name="msg"></param>
            <param name="lparam"></param>
            <param name="wparam"></param>
            <param name="cancel"></param>
            <returns></returns>
            <created>UPh,20.10.2010</created>
            <changed>UPh,20.10.2010</changed>
        </member>
        <member name="M:Pass.AddIn.Framework.CustomControls.UpdateCtrl(System.Int32,Pass.AddIn.Core.UpdateCtrlFlags)">
            <summary>
            
            </summary>
            <param name="inx"></param>
            <param name="flags"></param>
            <returns></returns>
            <created>UPh,20.10.2010</created>
            <changed>UPh,20.10.2010</changed>
        </member>
        <member name="M:Pass.AddIn.Framework.CustomControls.UpdateVisibility">
            <summary>
            
            </summary>
            <returns></returns>
            <created>UPh,20.10.2010</created>
            <changed>UPh,20.10.2010</changed>
        </member>
        <member name="M:Pass.AddIn.Framework.CustomControls.OnFilterToken(System.Int32,System.Boolean@)">
            <summary>
            
            </summary>
            <param name="inx"></param>
            <param name="display"></param>
            <returns></returns>
            <created>UPh,20.10.2010</created>
            <changed>UPh,20.10.2010</changed>
        </member>
        <member name="M:Pass.AddIn.Framework.CustomControls.FlushData">
            <summary>
            
            </summary>
            <returns></returns>
            <created>UPh,20.10.2010</created>
            <changed>UPh,20.10.2010</changed>
        </member>
        <member name="M:Pass.AddIn.Framework.CustomControls.OnClose">
            <summary>
            
            </summary>
            <returns></returns>
            <created>UPh,20.10.2010</created>
            <changed>UPh,20.10.2010</changed>
        </member>
        <member name="T:Pass.AddIn.Framework.CustomEditor">
            <summary>
            
            </summary>
        </member>
        <member name="M:Pass.AddIn.Framework.CustomEditor.Destroy">
            <summary>
            
            </summary>
            <returns></returns>
            <created>UPh,20.10.2010</created>
            <changed>UPh,20.10.2010</changed>
        </member>
        <member name="M:Pass.AddIn.Framework.CustomEditor.GetInfoData(Pass.AddIn.Core.CPAICEInfo@)">
            <summary>
            
            </summary>
            <param name="info"></param>
            <returns></returns>
            <created>UPh,20.10.2010</created>
            <changed>UPh,20.10.2010</changed>
        </member>
        <member name="M:Pass.AddIn.Framework.CustomEditor.GetSize">
            <summary>
            
            </summary>
            <returns></returns>
            <created>UPh,20.10.2010</created>
            <changed>UPh,20.10.2010</changed>
        </member>
        <member name="M:Pass.AddIn.Framework.CustomEditor.OnSelChange(Pass.AddIn.Core.CPAITokenSelection,System.Boolean@)">
            <summary>
            
            </summary>
            <param name="tokensel"></param>
            <param name="redraw"></param>
            <returns></returns>
            <created>UPh,20.10.2010</created>
            <changed>UPh,20.10.2010</changed>
        </member>
        <member name="M:Pass.AddIn.Framework.CustomEditor.OnSize(System.Drawing.Size)">
            <summary>
            
            </summary>
            <param name="size"></param>
            <returns></returns>
            <created>UPh,20.10.2010</created>
            <changed>UPh,20.10.2010</changed>
        </member>
        <member name="M:Pass.AddIn.Framework.CustomEditor.OnTextInput(Pass.AddIn.Core.CPAITokenSelection,System.String)">
            <summary>
            
            </summary>
            <param name="toksel"></param>
            <param name="text"></param>
            <returns></returns>
            <created>UPh,20.10.2010</created>
            <changed>UPh,20.10.2010</changed>
        </member>
        <member name="M:Pass.AddIn.Framework.CustomEditor.OnWindowMessage(System.Int32,System.IntPtr,System.IntPtr,System.Boolean@)">
            <summary>
            
            </summary>
            <param name="msg"></param>
            <param name="lparam"></param>
            <param name="wparam"></param>
            <param name="cancel"></param>
            <returns></returns>
            <created>UPh,20.10.2010</created>
            <changed>UPh,20.10.2010</changed>
        </member>
        <member name="M:Pass.AddIn.Framework.CustomEditor.Paint(System.Int32)">
            <summary>
            
            </summary>
            <param name="hdc"></param>
            <returns></returns>
            <created>UPh,20.10.2010</created>
            <changed>UPh,20.10.2010</changed>
        </member>
        <member name="M:Pass.AddIn.Framework.CustomEditor.UpdateCtrl(System.Int32,Pass.AddIn.Core.UpdateCtrlFlags)">
            <summary>
            
            </summary>
            <param name="inx"></param>
            <param name="flags"></param>
            <returns></returns>
            <created>UPh,20.10.2010</created>
            <changed>UPh,20.10.2010</changed>
        </member>
        <member name="M:Pass.AddIn.Framework.CustomEditor.OnFilterToken(System.Int32,System.Boolean@)">
            <summary>
            
            </summary>
            <param name="inx"></param>
            <param name="display"></param>
            <returns></returns>
            <created>UPh,20.10.2010</created>
            <changed>UPh,20.10.2010</changed>
        </member>
        <member name="M:Pass.AddIn.Framework.CustomEditor.FlushData">
            <summary>
            
            </summary>
            <returns></returns>
            <created>UPh,20.10.2010</created>
            <changed>UPh,20.10.2010</changed>
        </member>
        <member name="M:Pass.AddIn.Framework.CustomEditor.OnClose">
            <summary>
            
            </summary>
            <returns></returns>
            <created>UPh,20.10.2010</created>
            <changed>UPh,20.10.2010</changed>
        </member>
        <member name="T:Pass.AddIn.Framework.CustomGUI">
            <summary>
            
            </summary>
        </member>
        <member name="M:Pass.AddIn.Framework.CustomGUI.CreateCustomControls(Pass.AddIn.Core.CPAIResourceEditor,Pass.AddIn.Core.CPAIResource,System.Windows.Forms.Form@)">
            <summary>
            
            </summary>
            <param name="editor"></param>
            <param name="resource"></param>
            <param name="form"></param>
            <returns></returns>
            <created>UPh,20.10.2010</created>
            <changed>UPh,20.10.2010</changed>
        </member>
        <member name="M:Pass.AddIn.Framework.CustomGUI.CreateCustomEditor(Pass.AddIn.Core.CPAIResourceEditor,Pass.AddIn.Core.CPAIResource)">
            <summary>
            
            </summary>
            <param name="editor"></param>
            <param name="resource"></param>
            <returns></returns>
            <created>UPh,20.10.2010</created>
            <changed>UPh,20.10.2010</changed>
        </member>
        <member name="T:Pass.AddIn.Framework.CustomProperties">
            <summary>
            
            </summary>
        </member>
        <member name="M:Pass.AddIn.Framework.CustomProperties.GetPropertyDefinitions(System.Object[],Pass.AddIn.Core.CPAIPropertyDefinitions)">
            <summary>
            
            </summary>
            <param name="names"></param>
            <param name="propdefs"></param>
            <returns></returns>
            <created>UPh,20.10.2010</created>
            <changed>UPh,20.10.2010</changed>
        </member>
        <member name="T:Pass.AddIn.Framework.CustomResource">
            <summary>
            
            </summary>
        </member>
        <member name="M:Pass.AddIn.Framework.CustomResource.GetCommonTag(System.Int32,System.String@,System.String@,System.String@,System.Int32,System.Int32)">
            <summary>
            
            </summary>
            <param name="index"></param>
            <param name="name"></param>
            <param name="tagstrLeft"></param>
            <param name="tagstrRight"></param>
            <param name="reason"></param>
            <param name="flags"></param>
            <returns></returns>
            <created>UPh,20.10.2010</created>
            <changed>UPh,20.10.2010</changed>
        </member>
        <member name="M:Pass.AddIn.Framework.CustomResource.RscCheckType(System.Object,Pass.AddIn.Core.CPAIResData)">
            <summary>
            
            </summary>
            <param name="restype"></param>
            <param name="resdata"></param>
            <returns></returns>
            <created>UPh,20.10.2010</created>
            <changed>UPh,20.10.2010</changed>
        </member>
        <member name="M:Pass.AddIn.Framework.CustomResource.RscScan(System.Object,Pass.AddIn.Core.CPAIResource,Pass.AddIn.Core.CPAIResData,System.Int32)">
            <summary>
            
            </summary>
            <param name="restype"></param>
            <param name="resource"></param>
            <param name="resdata"></param>
            <param name="action"></param>
            <returns></returns>
            <created>UPh,20.10.2010</created>
            <changed>UPh,20.10.2010</changed>
        </member>
        <member name="T:Pass.AddIn.Framework.Events">
            <summary>
            
            </summary>
        </member>
        <member name="M:Pass.AddIn.Framework.Events.OnProjectEvent(Pass.AddIn.Core.PassoloEvent,Pass.AddIn.Core.CPAIProject)">
            <summary>
            
            </summary>
            <param name="ev"></param>
            <param name="project"></param>
            <returns></returns>
            <created>UPh,20.10.2010</created>
            <changed>UPh,20.10.2010</changed>
        </member>
        <member name="M:Pass.AddIn.Framework.Events.OnTokenEvent(Pass.AddIn.Core.PassoloEvent,Pass.AddIn.Core.CPAIProject,Pass.AddIn.Core.CPAIToken)">
            <summary>
            
            </summary>
            <param name="ev"></param>
            <param name="project"></param>
            <param name="token"></param>
            <returns></returns>
            <created>UPh,20.10.2010</created>
            <changed>UPh,20.10.2010</changed>
        </member>
        <member name="T:Pass.AddIn.Framework.ExportImport">
            <summary>
            
            </summary>
        </member>
        <member name="M:Pass.AddIn.Framework.ExportImport.GetExpImpData(Pass.AddIn.Core.CExpImpData)">
            <summary>
            
            </summary>
            <param name="eximpdata"></param>
            <returns></returns>
            <created>UPh,20.10.2010</created>
            <changed>UPh,20.10.2010</changed>
        </member>
        <member name="M:Pass.AddIn.Framework.ExportImport.GetExportWriter">
            <summary>
            
            </summary>
            <returns></returns>
            <created>UPh,20.10.2010</created>
            <changed>UPh,20.10.2010</changed>
        </member>
        <member name="M:Pass.AddIn.Framework.ExportImport.Import(System.String,Pass.AddIn.Core.CPAIImport)">
            <summary>
            
            </summary>
            <param name="filename"></param>
            <param name="import"></param>
            <returns></returns>
            <created>UPh,20.10.2010</created>
            <changed>UPh,20.10.2010</changed>
        </member>
        <member name="T:Pass.AddIn.Framework.ExportWriter">
            <summary>
            
            </summary>
        </member>
        <member name="M:Pass.AddIn.Framework.ExportWriter.Close(System.String)">
            <summary>
            
            </summary>
            <param name="filename"></param>
            <returns></returns>
            <created>UPh,20.10.2010</created>
            <changed>UPh,20.10.2010</changed>
        </member>
        <member name="M:Pass.AddIn.Framework.ExportWriter.Destroy">
            <summary>
            
            </summary>
            <returns></returns>
            <created>UPh,20.10.2010</created>
            <changed>UPh,20.10.2010</changed>
        </member>
        <member name="M:Pass.AddIn.Framework.ExportWriter.Open(System.String)">
            <summary>
            
            </summary>
            <param name="filename"></param>
            <returns></returns>
            <created>UPh,20.10.2010</created>
            <changed>UPh,20.10.2010</changed>
        </member>
        <member name="M:Pass.AddIn.Framework.ExportWriter.Write(System.String,Pass.AddIn.Core.CPAIStringList,Pass.AddIn.Core.CPAIExportOptions)">
            <summary>
            
            </summary>
            <param name="filename"></param>
            <param name="stringlist"></param>
            <param name="expoptions"></param>
            <returns></returns>
            <created>UPh,20.10.2010</created>
            <changed>UPh,20.10.2010</changed>
        </member>
        <member name="T:Pass.AddIn.Framework.ExternalTools">
            <summary>
            
            </summary>
        </member>
        <member name="M:Pass.AddIn.Framework.ExternalTools.ToolOpenExtProject(System.String)">
            <summary>
            
            </summary>
            <param name="openId"></param>
            <returns></returns>
            <created>UPh,20.10.2010</created>
            <changed>UPh,20.10.2010</changed>
        </member>
        <member name="T:Pass.AddIn.Framework.AddInComponentWithInstance">
            <summary>
            Basisklasse für alle Komponenten, die eine Referenz auf die Implementierung von 
            Pass.AddIn.Framework.AddIn erhalten.
            </summary>
        </member>
        <member name="P:Pass.AddIn.Framework.AddInComponentWithInstance.AddInInstance">
            <summary></summary>
        </member>
        <member name="T:Pass.AddIn.Framework.ExtProject">
            <summary>
            
            </summary>
        </member>
        <member name="M:Pass.AddIn.Framework.ExtProject.CheckInFile(System.String)">
            <summary>
            
            </summary>
            <param name="fileid"></param>
            <returns></returns>
            <created>UPh,20.10.2010</created>
            <changed>UPh,20.10.2010</changed>
        </member>
        <member name="M:Pass.AddIn.Framework.ExtProject.Close">
            <summary>
            
            </summary>
            <returns></returns>
            <created>UPh,20.10.2010</created>
            <changed>UPh,20.10.2010</changed>
        </member>
        <member name="M:Pass.AddIn.Framework.ExtProject.Connect(Pass.AddIn.Core.CPAIProject)">
            <summary>
            
            </summary>
            <param name="project"></param>
            <returns></returns>
            <created>UPh,20.10.2010</created>
            <changed>UPh,20.10.2010</changed>
        </member>
        <member name="M:Pass.AddIn.Framework.ExtProject.GetInfo(Pass.AddIn.Core.CPAIExtProject)">
            <summary>
            
            </summary>
            <param name="data"></param>
            <returns></returns>
            <created>UPh,20.10.2010</created>
            <changed>UPh,20.10.2010</changed>
        </member>
        <member name="M:Pass.AddIn.Framework.ExtProject.OpenFiles(System.String,System.Boolean,System.String,System.Int32)">
            <summary>
            
            </summary>
            <param name="fileId"></param>
            <param name="checkout"></param>
            <param name="targetFolder"></param>
            <param name="cookie"></param>
            <returns></returns>
            <created>UPh,20.10.2010</created>
            <changed>UPh,20.10.2010</changed>
        </member>
        <member name="M:Pass.AddIn.Framework.ExtProject.StoreFiles(System.String,System.Boolean,System.String,System.Int32)">
            <summary>
            
            </summary>
            <param name="fileid"></param>
            <param name="checkout"></param>
            <param name="folder"></param>
            <param name="cookie"></param>
            <returns></returns>
            <created>UPh,20.10.2010</created>
            <changed>UPh,20.10.2010</changed>
        </member>
        <member name="T:Pass.AddIn.Framework.GlossaryTranslation">
            <summary>
            
            </summary>
        </member>
        <member name="M:Pass.AddIn.Framework.GlossaryTranslation.GetGlossaryTranslator">
            <summary>
            
            </summary>
            <returns></returns>
            <created>UPh,20.10.2010</created>
            <changed>UPh,20.10.2010</changed>
        </member>
        <member name="T:Pass.AddIn.Framework.ResourceDisplays">
            <summary>
            
            </summary>
        </member>
        <member name="M:Pass.AddIn.Framework.ResourceDisplays.GetResourceDisplays(Pass.AddIn.Core.CPAIResource,System.Collections.Generic.List{Pass.AddIn.Core.CPAIResourceDisplay}@)">
            <summary>
            
            </summary>
            <param name="resource"></param>
            <param name="displays"></param>
            <returns></returns>
            <created>UPh,20.10.2010</created>
            <changed>UPh,20.10.2010</changed>
        </member>
        <member name="M:Pass.AddIn.Framework.ResourceDisplays.GetStandardResourceInfo(Pass.AddIn.Core.CPAIResource,System.Int32)">
            <summary>
            
            </summary>
            <param name="resoure"></param>
            <param name="displayId"></param>
            <returns></returns>
            <created>UPh,20.10.2010</created>
            <changed>UPh,20.10.2010</changed>
        </member>
        <member name="T:Pass.AddIn.Framework.Segmentation">
            <summary>
            
            </summary>
        </member>
        <member name="M:Pass.AddIn.Framework.Segmentation.GetSegmenter(System.Int32)">
            <summary>
            
            </summary>
            <param name="landid"></param>
            <returns></returns>
            <created>UPh,20.10.2010</created>
            <changed>UPh,20.10.2010</changed>
        </member>
        <member name="T:Pass.AddIn.Framework.Segmenter">
            <summary>
            
            </summary>
        </member>
        <member name="M:Pass.AddIn.Framework.Segmenter.Destroy">
            <summary>
            
            </summary>
            <returns></returns>
            <created>UPh,20.10.2010</created>
            <changed>UPh,20.10.2010</changed>
        </member>
        <member name="M:Pass.AddIn.Framework.Segmenter.MakeSegments(Pass.AddIn.Core.CPAIToken,Pass.AddIn.Core.enmParsingTypes,Pass.AddIn.Core.CPAITokenSegments)">
            <summary>
            
            </summary>
            <param name="token"></param>
            <param name="action"></param>
            <param name="segments"></param>
            <returns></returns>
            <created>UPh,20.10.2010</created>
            <changed>UPh,20.10.2010</changed>
        </member>
        <member name="T:Pass.AddIn.Framework.SpellCheck">
            <summary>
            
            </summary>
        </member>
        <member name="M:Pass.AddIn.Framework.SpellCheck.CheckSpelling(System.String,System.UInt32,Pass.AddIn.Core.CPAISpellCheckResult)">
            <summary>
            
            </summary>
            <param name="word"></param>
            <param name="flags"></param>
            <param name="result"></param>
            <returns></returns>
            <created>UPh,20.10.2010</created>
            <changed>UPh,20.10.2010</changed>
        </member>
        <member name="M:Pass.AddIn.Framework.SpellCheck.CheckWithDialog(System.String,Pass.AddIn.Core.CPAISpellCheckResult)">
            <summary>
            
            </summary>
            <param name="text"></param>
            <param name="result"></param>
            <returns></returns>
            <created>UPh,20.10.2010</created>
            <changed>UPh,20.10.2010</changed>
        </member>
        <member name="M:Pass.AddIn.Framework.SpellCheck.Destroy">
            <summary>
            
            </summary>
            <returns></returns>
            <created>UPh,20.10.2010</created>
            <changed>UPh,20.10.2010</changed>
        </member>
        <member name="M:Pass.AddIn.Framework.SpellCheck.SetCustomDictionaries(System.String[])">
            <summary>
            
            </summary>
            <param name="paths"></param>
            <returns></returns>
            <created>UPh,20.10.2010</created>
            <changed>UPh,20.10.2010</changed>
        </member>
        <member name="M:Pass.AddIn.Framework.SpellCheck.SetLanguage(System.Int32,System.UInt32)">
            <summary>
            
            </summary>
            <param name="langid"></param>
            <param name="codepage"></param>
            <returns></returns>
            <created>UPh,20.10.2010</created>
            <changed>UPh,20.10.2010</changed>
        </member>
        <member name="T:Pass.AddIn.Framework.Spelling">
            <summary>
            
            </summary>
        </member>
        <member name="M:Pass.AddIn.Framework.Spelling.GetSpellCheckData(System.Int32,Pass.AddIn.Core.CPAISpellCheckData)">
            <summary>
            
            </summary>
            <param name="langid"></param>
            <param name="spellcheckdata"></param>
            <returns></returns>
            <created>UPh,20.10.2010</created>
            <changed>UPh,20.10.2010</changed>
        </member>
        <member name="M:Pass.AddIn.Framework.Spelling.GetSpellChecker">
            <summary>
            
            </summary>
            <returns></returns>
            <created>UPh,20.10.2010</created>
            <changed>UPh,20.10.2010</changed>
        </member>
        <member name="T:Pass.AddIn.Framework.StandardResourceInfo">
            <summary>
            
            </summary>
        </member>
        <member name="M:Pass.AddIn.Framework.StandardResourceInfo.Destroy">
            <summary>
            
            </summary>
            <returns></returns>
            <created>UPh,20.10.2010</created>
            <changed>UPh,20.10.2010</changed>
        </member>
        <member name="M:Pass.AddIn.Framework.StandardResourceInfo.GetData(System.String@,System.Boolean@)">
            <summary>
            
            </summary>
            <param name="filepath"></param>
            <param name="bTemporary"></param>
            <returns></returns>
            <created>UPh,20.10.2010</created>
            <changed>UPh,20.10.2010</changed>
        </member>
        <member name="M:Pass.AddIn.Framework.StandardResourceInfo.GetTokenTextPosition(Pass.AddIn.Core.CPAIToken,System.Int32@,System.Int32@,System.Int32@)">
            <summary>
            
            </summary>
            <param name="token"></param>
            <param name="line"></param>
            <param name="col"></param>
            <param name="len"></param>
            <returns></returns>
            <created>UPh,20.10.2010</created>
            <changed>UPh,20.10.2010</changed>
        </member>
        <member name="M:Pass.AddIn.Framework.StandardResourceInfo.GetType">
            <summary>
            
            </summary>
            <returns></returns>
            <created>UPh,20.10.2010</created>
            <changed>UPh,20.10.2010</changed>
        </member>
        <member name="T:Pass.AddIn.Framework.Tagging">
            <summary>
            
            </summary>
        </member>
        <member name="M:Pass.AddIn.Framework.Tagging.TagString(System.String,Pass.AddIn.Core.enmTagReasons,Pass.AddIn.Core.enmTagMode,System.Int32)">
            <summary>
            
            </summary>
            <param name="str"></param>
            <param name="reason"></param>
            <param name="tagmode"></param>
            <param name="flags"></param>
            <returns></returns>
            <created>UPh,20.10.2010</created>
            <changed>UPh,11.04.2011</changed>
        </member>
        <member name="M:Pass.AddIn.Framework.Tagging.UntagString(System.String,Pass.AddIn.Core.enmTagReasons,Pass.AddIn.Core.enmTagMode,System.Int32)">
            <summary>
            
            </summary>
            <param name="tagstr"></param>
            <param name="reason"></param>
            <param name="tagmode"></param>
            <param name="flags"></param>
            <returns></returns>
            <created>UPh,20.10.2010</created>
            <changed>UPh,11.04.2011</changed>
        </member>
        <member name="T:Pass.AddIn.Framework.TokenCheck">
            <summary>
            
            </summary>
        </member>
        <member name="M:Pass.AddIn.Framework.TokenCheck.BeginCheckTokens(Pass.AddIn.Core.CPAIResource,Pass.AddIn.Core.CPAITokenCheck)">
            <summary>
            
            </summary>
            <param name="resource"></param>
            <param name="checker"></param>
            <returns></returns>
            <created>UPh,20.10.2010</created>
            <changed>UPh,20.10.2010</changed>
        </member>
        <member name="M:Pass.AddIn.Framework.TokenCheck.CheckToken(Pass.AddIn.Core.CPAIToken,Pass.AddIn.Core.CPAIResource,Pass.AddIn.Core.CPAITokenCheck)">
            <summary>
            
            </summary>
            <param name="token"></param>
            <param name="resource"></param>
            <param name="checker"></param>
            <returns></returns>
            <created>UPh,20.10.2010</created>
            <changed>UPh,20.10.2010</changed>
        </member>
        <member name="M:Pass.AddIn.Framework.TokenCheck.EndCheckTokens(Pass.AddIn.Core.CPAIResource,Pass.AddIn.Core.CPAITokenCheck)">
            <summary>
            
            </summary>
            <param name="resource"></param>
            <param name="checker"></param>
            <returns></returns>
            <created>UPh,20.10.2010</created>
            <changed>UPh,20.10.2010</changed>
        </member>
        <member name="M:Pass.AddIn.Framework.TokenCheck.GetCustomCheckOption(System.Int32,System.String@)">
            <summary>
            
            </summary>
            <param name="check"></param>
            <param name="text"></param>
            <returns></returns>
            <created>UPh,20.10.2010</created>
            <changed>UPh,20.10.2010</changed>
        </member>
        <member name="T:Pass.AddIn.Framework.Tools">
            <summary>
            
            </summary>
        </member>
        <member name="M:Pass.AddIn.Framework.Tools.ExecuteTool(System.Int32,Pass.AddIn.Core.CPAIApplicationTools)">
            <summary>
            
            </summary>
            <param name="nIndex"></param>
            <param name="apptools"></param>
            <returns></returns>
            <created>UPh,20.10.2010</created>
            <changed>UPh,20.10.2010</changed>
        </member>
        <member name="M:Pass.AddIn.Framework.Tools.GetTaggingData(System.Int32,Pass.AddIn.Core.CPAITagging@)">
            <summary>
            
            </summary>
            <param name="tagFormat"></param>
            <param name="data"></param>
            <returns></returns>
            <created>UPh,20.10.2010</created>
            <changed>UPh,20.10.2010</changed>
        </member>
        <member name="M:Pass.AddIn.Framework.Tools.GetToolInfo(System.Int32,Pass.AddIn.Core.CPAIToolInfo@)">
            <summary>
            
            </summary>
            <param name="nIndex"></param>
            <param name="toolInfo"></param>
            <returns></returns>
            <created>UPh,20.10.2010</created>
            <changed>UPh,20.10.2010</changed>
        </member>
        <member name="M:Pass.AddIn.Framework.Tools.ToolOptimizeLayout(System.Int32,Pass.AddIn.Core.CPAIResource,Pass.AddIn.Core.CPAIOptimizeLayout)">
            <summary>
            
            </summary>
            <param name="nIndex"></param>
            <param name="resource"></param>
            <param name="options"></param>
            <returns></returns>
            <created>UPh,20.10.2010</created>
            <changed>UPh,20.10.2010</changed>
        </member>
        <member name="M:Pass.AddIn.Framework.Tools.ToolGetExportTargetData(System.String,Pass.AddIn.Core.CPAIExportTargetData)">
            <summary>
            
            </summary>
            <param name="format"></param>
            <param name="data"></param>
            <returns></returns>
            <created>UPh,20.10.2010</created>
            <changed>UPh,20.10.2010</changed>
        </member>
        <member name="M:Pass.AddIn.Framework.Tools.ToolHandleExport(System.String,Pass.AddIn.Core.CPAIProject,System.Collections.Generic.List{Pass.AddIn.Core.CPAIExportTargetFile})">
            <summary>
            
            </summary>
            <param name="format"></param>
            <param name="project"></param>
            <param name="files"></param>
            <returns></returns>
            <created>UPh,20.10.2010</created>
            <changed>UPh,20.10.2010</changed>
        </member>
        <member name="M:Pass.AddIn.Framework.Tools.ToolSynchronizeBundle(Pass.AddIn.Core.CPAIProject,System.Collections.Generic.List{Pass.AddIn.Core.CPAIExportTargetFile},System.Boolean)">
            <summary>
            
            </summary>
            <param name="project"></param>
            <param name="files"></param>
            <param name="bSilent"></param>
            <returns></returns>
            <created>UPh,20.10.2010</created>
            <changed>UPh,20.10.2010</changed>
        </member>
        <member name="T:Pass.AddIn.Framework.Translations">
            <summary>
            
            </summary>
        </member>
        <member name="M:Pass.AddIn.Framework.Translations.GetConcordances(System.String,System.Int32,System.Int32,Pass.AddIn.Core.CPAITranslations)">
            <summary>
            
            </summary>
            <param name="str"></param>
            <param name="minmatch"></param>
            <param name="maxcount"></param>
            <param name="trans"></param>
            <returns></returns>
            <created>UPh,20.10.2010</created>
            <changed>UPh,20.10.2010</changed>
        </member>
        <member name="M:Pass.AddIn.Framework.Translations.GetTerminology(System.String,Pass.AddIn.Core.CPAITranslations,System.Int64,System.Int32,System.Int32)">
            <summary>
            
            </summary>
            <param name="str"></param>
            <param name="trans"></param>
            <param name="cookie"></param>
            <returns></returns>
            <created>UPh,20.10.2010</created>
            <changed>UPh,20.10.2010</changed>
        </member>
        <member name="M:Pass.AddIn.Framework.Translations.SearchTerminology(System.String,Pass.AddIn.Core.CPAITranslations)">
            <summary>
            
            </summary>
            <param name="term"></param>
            <param name="trans"></param>
            <returns></returns>
            <created>UPh,20.10.2010</created>
            <changed>UPh,20.10.2010</changed>
        </member>
        <member name="M:Pass.AddIn.Framework.Translations.GetSyncTerminology(System.String,Pass.AddIn.Core.CPAITranslations)">
            <summary>
            
            </summary>
            <param name="str"></param>
            <param name="trans"></param>
            <returns></returns>
            <created>UPh,20.10.2010</created>
            <changed>UPh,20.10.2010</changed>
        </member>
        <member name="M:Pass.AddIn.Framework.Translations.GetTranslateData(Pass.AddIn.Core.CPAITranslateData)">
            <summary>
            
            </summary>
            <param name="transData"></param>
            <returns></returns>
            <created>UPh,20.10.2010</created>
            <changed>UPh,20.10.2010</changed>
        </member>
        <member name="M:Pass.AddIn.Framework.Translations.LookupTerminology(System.String,System.Int32,System.Int32)">
            <summary>
            
            </summary>
            <param name="str"></param>
            <param name="lang1"></param>
            <param name="lang2"></param>
            <returns></returns>
            <created>UPh,20.10.2010</created>
            <changed>UPh,20.10.2010</changed>
        </member>
        <member name="M:Pass.AddIn.Framework.Translations.StoreTerminology(System.String,System.String,System.Int32,System.Int32)">
            <summary>
            
            </summary>
            <param name="srcstr"></param>
            <param name="trnstr"></param>
            <param name="lang1"></param>
            <param name="lang2"></param>
            <returns></returns>
            <created>UPh,20.10.2010</created>
            <changed>UPh,20.10.2010</changed>
        </member>
        <member name="M:Pass.AddIn.Framework.Translations.StoreTranslation(System.String,System.String,System.Int32,System.Int32,System.Int32,Pass.AddIn.Core.CPAIToken)">
            <summary>
            
            </summary>
            <param name="srcstr"></param>
            <param name="trnstr"></param>
            <param name="lang1"></param>
            <param name="lang2"></param>
            <param name="cat"></param>
            <returns></returns>
            <created>UPh,20.10.2010</created>
            <changed>UPh,20.10.2010</changed>
        </member>
        <member name="M:Pass.AddIn.Framework.Translations.Translate(System.String,System.Int32,System.Int32,Pass.AddIn.Core.CPAITranslations)">
            <summary>
            
            </summary>
            <param name="str"></param>
            <param name="minmatch"></param>
            <param name="maxcount"></param>
            <param name="trans"></param>
            <returns></returns>
            <created>UPh,20.10.2010</created>
            <changed>UPh,20.10.2010</changed>
        </member>
        <member name="M:Pass.AddIn.Framework.Translations.GetTransConnection(System.Int32,Pass.AddIn.Core.CPAITransConnection)">
            <summary>
            
            </summary>
            <param name="inx"></param>
            <param name="connection"></param>
            <returns></returns>
            <created>UPh,20.10.2010</created>
            <changed>UPh,20.10.2010</changed>
        </member>
        <member name="M:Pass.AddIn.Framework.Translations.ActivateTransConnection(System.String,Pass.AddIn.Core.TranslationType,System.Boolean)">
            <summary>
            
            </summary>
            <param name="id"></param>
            <param name="type"></param>
            <param name="bActive"></param>
            <returns></returns>
            <created>UPh,20.10.2010</created>
            <changed>UPh,20.10.2010</changed>
        </member>
        <member name="M:Pass.AddIn.Framework.Translations.SetHitlist">
            <summary>
            
            </summary>
        </member>
        <member name="M:Pass.AddIn.Framework.Translations.UpdateExistingTranslations(System.Int32)">
            <summary>
            
            </summary>
        </member>
        <member name="T:Pass.AddIn.Framework.AddInDescriptor">
            <summary>
            Diese Klasse ermittelt erforderlichen Informationen über ein Add-In
            und bietet Zugriff auf dessen Komponenten.
            </summary>
        </member>
        <member name="P:Pass.AddIn.Framework.AddInDescriptor.ImplementationList">
            <summary>
            Liste aller implementierten Funktionen dieses Add-Ins. 
            Brauchen wir für PAIFN_DisregardFunction() 
            </summary>
        </member>
        <member name="M:Pass.AddIn.Framework.AddInDescriptor.#ctor(Pass.AddIn.Framework.ConfigFileInfo,System.Int32)">
            <summary>
            ctor
            </summary>
            <param name="configFile">Vollständiger Pfad zur Konfigurationsdatei.</param>
            <param name="addInIndex">Index des Add-Ins</param>
            <returns></returns>
            <created>cp,21.01.2008</created>
            <changed>cp,21.01.2008</changed>
        </member>
        <member name="M:Pass.AddIn.Framework.AddInDescriptor.ReflectComponents">
            <summary>
            Ermittelt die Typen aller Komponenten.
            </summary>
            <returns></returns>
            <created>cp,22.01.2008</created>
            <changed>cp,22.01.2008</changed>
        </member>
        <member name="M:Pass.AddIn.Framework.AddInDescriptor.CreateAppDomain(System.String,System.String)">
            <summary>
            Erzeugt eine App-Domain für dieses Add-In. Darin werden alle Komponenteninstanzen erzeugt.
            </summary>
            <returns></returns>
            <created>cp,21.01.2008</created>
            <changed>cp,21.01.2008</changed>
        </member>
        <member name="M:Pass.AddIn.Framework.AddInDescriptor.LoadAssembly(System.String)">
            <summary>
            Lädt ein Assembly in der Add-In Domain.
            </summary>
            <param name="path">Vollständiger Pfad zum Assembly</param>
            <returns></returns>
            <created>cp,21.01.2008</created>
            <changed>cp,21.01.2008</changed>
        </member>
        <member name="M:Pass.AddIn.Framework.AddInDescriptor.GetImplementedComponentType(Pass.AddIn.Framework.ComponentDefinition)">
            <summary>
            Ermittelt den Typ einer Komponentenimplementierung. 
            Dazu wird das entsprechende Assembly geladen. 
            </summary>
            <param name="definition"></param>
            <returns></returns>
            <created>cp,17.01.2008</created>
            <changed>cp,17.01.2008</changed>
        </member>
        <member name="M:Pass.AddIn.Framework.AddInDescriptor.ReloadAddIn">
            <summary>
            
            </summary>
            <returns></returns>
            <created>cp,17.01.2008</created>
            <changed>cp,17.01.2008</changed>
        </member>
        <member name="M:Pass.AddIn.Framework.AddInDescriptor.ToToken">
            <summary>
            Gibt einen Add-In Token für diese Instanz zurück.
            </summary>
            <returns></returns>
            <created>cp,17.01.2008</created>
            <changed>cp,17.01.2008</changed>
        </member>
        <member name="M:Pass.AddIn.Framework.AddInDescriptor.RequestComponent``1">
            <summary>
            Fordert eine Komponente des angegebenen Typs an. 
            </summary>
            <returns></returns>
            <created>cp,17.01.2008</created>
            <changed>cp,17.01.2008</changed>
        </member>
        <member name="T:Pass.AddIn.Framework.AddInDescriptor.AddInLoader">
            <summary>
            Hilfsklasse, um Assemblies in einer AppDomain zu laden
            </summary>
        </member>
        <member name="M:Pass.AddIn.Framework.AddInDescriptor.AddInLoader.Load">
            <summary>
            Wird verwendet für AppDomain.DoCallback
            </summary>
            <returns></returns>
            <created>cp,21.01.2008</created>
            <changed>cp,21.01.2008</changed>
        </member>
        <member name="M:Pass.AddIn.Framework.AddInManager.DetermineAddIns(System.String,Pass.AddIn.Core.CPAIApplicationTools)">
            <summary>
            Ermittelt alle Add-Ins.
            </summary>
            <returns></returns>
            <created>cp,16.01.2008</created>
            <changed>cp,16.01.2008</changed>
        </member>
        <member name="M:Pass.AddIn.Framework.AddInManager.GetAddInToken(System.Int32)">
            <summary>
            Gibt ein AddInToken für den angegebenen Index zurück oder null.
            </summary>
            <param name="index"></param>
            <returns></returns>
            <created>cp,16.01.2008</created>
            <changed>cp,16.01.2008</changed>
        </member>
        <member name="M:Pass.AddIn.Framework.AddInManager.RequestAddInComponent``1(System.Int32)">
            <summary>
            Fordert eine Komponenteninstanz eines Add-Ins an. 
            </summary>
            <param name="index">Index des AddIns</param>
            <returns></returns>
            <created>cp,17.01.2008</created>
            <changed>cp,17.01.2008</changed>
        </member>
        <member name="M:Pass.AddIn.Framework.AddInManager.DisregardMethod(System.Int32,System.String)">
            <summary>
            Gibt an, ob die angegebene Methode für ein Add-In ignoriert werden soll.
            </summary>
            <param name="index">Nummer des Add-Ins</param>
            <param name="method">Name der Methode ohne PAIFN_</param>
            <returns></returns>
            <created>cp,22.01.2008</created>
            <changed>cp,22.01.2008</changed>
        </member>
        <member name="M:Pass.AddIn.Framework.AddInManager.InitializeAddIn(System.Int32,Pass.AddIn.Core.CPAIApplicationTools,Pass.AddIn.Core.CPAIAddIn)">
            <summary>
            Initialisiert ein Add-In mit ApplicationTools und AddIn Wrappern.
            </summary>
            <param name="index"></param>
            <param name="apptools"></param>
            <param name="addin"></param>
            <returns></returns>
            <created>cp,22.01.2008</created>
            <changed>cp,22.01.2008</changed>
        </member>
        <member name="M:Pass.AddIn.Framework.AddInManager.UnloadAddIn(System.Int32)">
            <summary>
            Entlädt ein Add-In, falls dieses isoliert wurde. 
            </summary>
            <param name="index">Nummer des Add-Ins.</param>
            <returns></returns>
            <created>cp,22.01.2008</created>
            <changed>cp,22.01.2008</changed>
        </member>
        <member name="T:Pass.AddIn.Framework.AddInToken">
            <summary>
            Basisdefinition eines Add-Ins
            </summary>
        </member>
        <member name="P:Pass.AddIn.Framework.AddInToken.Path">
            <summary>
            Pfad zum Add-In Assembly
            </summary>
        </member>
        <member name="T:Pass.AddIn.Framework.ComponentLoader">
            <summary>
            Ermittelt Informationen über den Aufbau von Komponententypen und erzeugt diese.
            </summary>
        </member>
        <member name="M:Pass.AddIn.Framework.ComponentLoader.#ctor(System.Type,System.Type,System.Int32)">
            <summary>
            ctor
            </summary>
            <param name="customComponentType">Typ der vom Benutzer implementierten Komponentenklasse</param>
            <param name="targetComponentBase">Typ eines Derivates von AddInComponent, den die Komponente implementieren soll.</param>
            <param name="addInIndex"></param>
            <returns></returns>
            <created>cp,16.01.2008</created>
            <changed>UPh,20.10.2010</changed>
        </member>
        <member name="M:Pass.AddIn.Framework.ComponentLoader.DetectImplementedMethods">
            <summary>
            Ermittelt alle Methoden der Basisschnittstelle, die von einer Komponente überschrieben wurden.
            </summary>
            <returns></returns>
            <created>cp,22.01.2008</created>
            <changed>cp,22.01.2008</changed>
        </member>
        <member name="P:Pass.AddIn.Framework.ComponentLoader.ImplementsBaseComponent">
            <summary>
            Gibt an, ob die Benutzerimplementierung von der angegebene Basiskomponente erbt.
            </summary>
        </member>
        <member name="M:Pass.AddIn.Framework.ComponentLoader.OverridesMethod(System.String)">
            <summary>
            Ermittelt, ob die angegebene Methode in der Komponentenimplementierung überschrieben wurde.
            </summary>
            <param name="methodName"></param>
            <returns></returns>
            <created>cp,16.01.2008</created>
            <changed>cp,16.01.2008</changed>
        </member>
        <member name="M:Pass.AddIn.Framework.ComponentLoader.GetInstance(System.AppDomain,System.Boolean@)">
            <summary>
            Erstellt eine Instanz dieser Komponente oder liefert die bestehende zurück.
            </summary>
            <returns></returns>
            <created>cp,17.01.2008</created>
            <changed>cp,17.01.2008</changed>
        </member>
        <member name="T:Pass.AddIn.Framework.ConfigFileInfo">
            <summary>
            Deserialisiert .paiconfig Dateien.
            </summary>
        </member>
        <member name="M:Pass.AddIn.Framework.ConfigFileInfo.GetDefinition(System.String)">
            <summary>
            Gibt die Komponentendefinition für den angegebenen Namen zurück. Z.b. parser
            </summary>
            <param name="name"></param>
            <returns></returns>
            <created>cp,17.01.2008</created>
            <changed>cp,17.01.2008</changed>
        </member>
        <member name="T:Pass.AddIn.Framework.InvalidConfigFileException">
            <summary>
            
            </summary>
        </member>
        <member name="M:Pass.AddIn.Framework.InvalidConfigFileException.#ctor(System.String)">
            <summary>
            
            </summary>
            <param name="message"></param>
            <returns></returns>
            <created>UPh,20.10.2010</created>
            <changed>UPh,20.10.2010</changed>
        </member>
        <member name="T:Pass.AddIn.Framework.Parser">
            <summary>
            
            </summary>
        </member>
        <member name="M:Pass.AddIn.Framework.Parser.EditCustomFileOptions(Pass.AddIn.Core.CPAIFileOptions[],System.Int32)">
            <summary>
            
            </summary>
            <param name="fileOptions"></param>
            <param name="select"></param>
            <returns></returns>
            <created>UPh,20.10.2010</created>
            <changed>UPh,20.10.2010</changed>
        </member>
        <member name="M:Pass.AddIn.Framework.Parser.GetCustomParserData(Pass.AddIn.Core.CPAICustomParserData@)">
            <summary>
            
            </summary>
            <param name="parserData"></param>
            <returns></returns>
            <created>UPh,20.10.2010</created>
            <changed>UPh,20.10.2010</changed>
        </member>
        <member name="M:Pass.AddIn.Framework.Parser.GetTargetPathRule(System.Int32,System.String@,System.String@,System.String@)">
            <summary>
            
            </summary>
            <param name="index"></param>
            <param name="name"></param>
            <param name="desc"></param>
            <param name="path"></param>
            <returns></returns>
            <created>UPh,20.10.2010</created>
            <changed>UPh,20.10.2010</changed>
        </member>
        <member name="M:Pass.AddIn.Framework.Parser.ParseFile(System.String,Pass.AddIn.Core.enmParsingTypes,Pass.AddIn.Core.CPAICustomFile)">
            <summary>
            
            </summary>
            <param name="filename"></param>
            <param name="action"></param>
            <param name="customFile"></param>
            <returns></returns>
            <created>UPh,20.10.2010</created>
            <changed>UPh,20.10.2010</changed>
        </member>
        <member name="M:Pass.AddIn.Framework.Parser.QueryTargetPath(System.String,System.String,System.String,System.Int32,System.String@)">
            <summary>
            
            </summary>
            <param name="par"></param>
            <param name="projectpath"></param>
            <param name="srcpath"></param>
            <param name="langid"></param>
            <param name="result"></param>
            <returns></returns>
            <created>UPh,20.10.2010</created>
            <changed>UPh,20.10.2010</changed>
        </member>
        <member name="M:Pass.AddIn.Framework.Parser.EditCustomRscOptions(Pass.AddIn.Core.CPAIResource[])">
            <summary>
            
            </summary>
            <param name="resources"></param>
            <returns></returns>
            <created>UPh,20.10.2010</created>
            <changed>UPh,20.10.2010</changed>
        </member>
        <member name="T:Pass.AddIn.Framework.DataAttachment`1">
            <summary>
            Basisklasse für alle DataAttachments
            </summary>
        </member>
        <member name="P:Pass.AddIn.Framework.DataAttachment`1.Item">
            <summary></summary>
        </member>
        <member name="M:Pass.AddIn.Framework.DataAttachment`1.Attach(`0)">
            <summary>
            
            </summary>
            <param name="item"></param>
            <returns></returns>
            <created>UPh,20.10.2010</created>
            <changed>UPh,20.10.2010</changed>
        </member>
        <member name="P:Pass.AddIn.Framework.DataAttachment`1.IsAttached">
            <summary></summary>
        </member>
        <member name="M:Pass.AddIn.Framework.DataAttachment`1.SetProperty(System.String,System.String)">
            <summary></summary>
        </member>
        <member name="M:Pass.AddIn.Framework.DataAttachment`1.SetProperty(System.String,System.Int32)">
            <summary></summary>
        </member>
        <member name="M:Pass.AddIn.Framework.DataAttachment`1.GetProperty(System.String)">
            <summary></summary>
        </member>
        <member name="T:Pass.AddIn.Framework.ResourceAttachment">
            <summary>
            
            </summary>
        </member>
        <member name="M:Pass.AddIn.Framework.ResourceAttachment.SetProperty(System.String,System.String)">
            <summary>
            
            </summary>
            <param name="property"></param>
            <param name="value"></param>
            <returns></returns>
            <created>UPh,20.10.2010</created>
            <changed>UPh,20.10.2010</changed>
        </member>
        <member name="M:Pass.AddIn.Framework.ResourceAttachment.GetProperty(System.String)">
            <summary>
            
            </summary>
            <param name="property"></param>
            <returns></returns>
            <created>UPh,20.10.2010</created>
            <changed>UPh,20.10.2010</changed>
        </member>
        <member name="M:Pass.AddIn.Framework.ResourceAttachment.SetProperty(System.String,System.Int32)">
            <summary>
            
            </summary>
            <param name="property"></param>
            <param name="value"></param>
            <returns></returns>
            <created>UPh,20.10.2010</created>
            <changed>UPh,20.10.2010</changed>
        </member>
        <member name="T:Pass.AddIn.Framework.PslTokenAttachment">
            <summary>
            
            </summary>
        </member>
        <member name="M:Pass.AddIn.Framework.PslTokenAttachment.SetProperty(System.String,System.String)">
            <summary>
            
            </summary>
            <param name="property"></param>
            <param name="value"></param>
            <returns></returns>
            <created>UPh,20.10.2010</created>
            <changed>UPh,20.10.2010</changed>
        </member>
        <member name="M:Pass.AddIn.Framework.PslTokenAttachment.GetProperty(System.String)">
            <summary>
            
            </summary>
            <param name="property"></param>
            <returns></returns>
            <created>UPh,20.10.2010</created>
            <changed>UPh,20.10.2010</changed>
        </member>
        <member name="M:Pass.AddIn.Framework.PslTokenAttachment.SetProperty(System.String,System.Int32)">
            <summary>
            
            </summary>
            <param name="property"></param>
            <param name="value"></param>
            <returns></returns>
            <created>UPh,20.10.2010</created>
            <changed>UPh,20.10.2010</changed>
        </member>
    </members>
</doc>
